question,answer
¿Cómo puedo manejar el estrés?,Puedes probar técnicas de relajación como la respiración profunda el mindfulness o el yoga.
¿Qué hago si me siento triste?,Es importante expresar tus emociones. Habla con alguien de confianza o busca apoyo profesional.
¿Cómo sé si necesito ayuda profesional?,Si sientes que tus emociones interfieren con tu vida diaria es recomendable buscar ayuda de un profesional.
¿Qué es la ansiedad?,La ansiedad es una respuesta natural del cuerpo al estrés pero si es excesiva puede requerir atención profesional.
¿Cómo puedo mejorar mi autoestima?,Practica la autocompasión establece metas realistas y celebra tus logros por pequeños que sean.
¿Qué hacer si tengo ataques de pánico?,Intenta respirar profundamente enfócate en el presente y busca un espacio seguro. Si persiste consulta a un profesional.
Hola, ¿cómo estás? Estoy aquí para ayudarte. ¿En qué puedo asistirte hoy?
Muchas gracias, Fue un placer aquí estaré cuando me necesites hasta pronto.
¿Cómo ayudar a un amigo con depresión?,Escucha sin juzgar ofrécele apoyo y anímalo a buscar ayuda profesional.
¿Qué es la terapia cognitivo-conductual?,Es un tipo de terapia que ayuda a identificar y cambiar patrones de pensamiento negativos.
¿Cómo manejar el insomnio?,Establece una rutina de sueño evita pantallas antes de dormir y crea un ambiente relajado en tu habitación.
¿Qué hacer si siento que no puedo más?,Busca ayuda inmediata. Habla con alguien de confianza o contacta a un profesional de salud mental.
¿Cómo puedo relajarme antes de dormir?,Prueba técnicas como la meditación escuchar música relajante o leer un libro.
¿Qué es el mindfulness?,Es una práctica que consiste en prestar atención al momento presente sin juzgar.
¿Cómo manejar el estrés laboral?,Organiza tu tiempo establece límites claros y toma descansos regulares.
¿Qué hacer si siento ansiedad social?,Practica técnicas de relajación expónte gradualmente a situaciones sociales y busca apoyo profesional si es necesario.
¿Cómo superar una pérdida emocional?,Permítete sentir tus emociones busca apoyo en seres queridos y considera terapia si es necesario.
¿Qué es la depresión?,La depresión es un trastorno emocional que causa sentimientos persistentes de tristeza y pérdida de interés.
¿Cómo puedo ser más resiliente?,Practica la gratitud mantén una red de apoyo fuerte y aprende de las experiencias difíciles.
¿Qué hacer si siento que nadie me entiende?,Busca grupos de apoyo o comunidades en línea donde puedas conectar con personas que comparten experiencias similares.
¿Cómo manejar el miedo al fracaso?,Reconoce que el fracaso es parte del aprendizaje establece metas realistas y celebra tus esfuerzos.
¿Qué es la inteligencia emocional?,Es la capacidad de reconocer entender y gestionar tus emociones y las de los demás.
¿Cómo puedo dejar de preocuparme tanto?,Practica técnicas de mindfulness enfócate en lo que puedes controlar y busca actividades que te distraigan.
¿Qué hacer si siento que no tengo motivación?,Comienza con pequeñas tareas establece metas alcanzables y busca apoyo si es necesario.
¿Cómo manejar el duelo?,Permítete sentir tus emociones busca apoyo en seres queridos y considera terapia si es necesario.
¿Qué es el trastorno de estrés postraumático (TEPT)?,Es un trastorno que ocurre después de experimentar un evento traumático y puede requerir tratamiento profesional.
¿Cómo puedo ser más productivo sin estresarme?,Organiza tus tareas establece prioridades y toma descansos regulares.
¿Qué hacer si siento que no valgo nada?,Recuerda que tu valor no depende de tus logros. Busca apoyo profesional para trabajar en tu autoestima.
¿Cómo manejar la presión social?,Establece límites claros practica decir "no" y busca actividades que te hagan sentir bien contigo mismo.
¿Qué es la terapia de aceptación y compromiso (ACT)?,Es un tipo de terapia que te ayuda a aceptar tus emociones y comprometerte con acciones alineadas con tus valores.
¿Cómo puedo dejar de procrastinar?,Divide tus tareas en pasos pequeños establece plazos realistas y elimina distracciones.
¿Qué hacer si siento que no tengo control sobre mi vida?,Enfócate en lo que puedes controlar establece metas pequeñas y busca apoyo si es necesario.
¿Cómo manejar la soledad?,Conéctate con otras personas ya sea en persona o en línea y busca actividades que te hagan sentir parte de una comunidad.
¿Qué es la terapia grupal?,Es un tipo de terapia en la que varias personas comparten sus experiencias y se apoyan mutuamente bajo la guía de un profesional.
¿Cómo puedo ser más empático?,Escucha activamente intenta entender las perspectivas de los demás y practica la compasión.
¿Qué hacer si siento que no tengo esperanza?,Busca ayuda profesional inmediata. Habla con alguien de confianza o contacta a un servicio de crisis.
¿Cómo manejar el rechazo?,Reconoce que el rechazo es parte de la vida enfócate en tus fortalezas y busca apoyo si es necesario.
¿Qué es la terapia familiar?,Es un tipo de terapia que involucra a todos los miembros de una familia para resolver conflictos y mejorar la comunicación.
¿Cómo puedo dejar de compararme con los demás?,Enfócate en tus propios logros y metas practica la gratitud y recuerda que cada persona tiene su propio camino.
¿Qué hacer si siento que no tengo amigos?,Busca actividades que te gusten y donde puedas conocer personas con intereses similares. Considera unirte a grupos o comunidades en línea.
¿Cómo manejar el miedo a la incertidumbre?,Practica técnicas de mindfulness enfócate en el presente y busca actividades que te den una sensación de control.
¿Qué es la terapia de exposición?,Es un tipo de terapia que te ayuda a enfrentar tus miedos de manera gradual y controlada.
¿Cómo puedo ser más asertivo?,Practica expresar tus necesidades y sentimientos de manera clara y respetuosa.
¿Qué hacer si siento que no tengo propósito?,Explora tus intereses y pasiones establece metas pequeñas y busca apoyo si es necesario.
¿Cómo manejar la culpa?,Reconoce tus errores aprende de ellos y busca formas de reparar el daño si es posible.
¿Qué es la terapia psicodinámica?,Es un tipo de terapia que se enfoca en explorar tus emociones y experiencias pasadas para entender tu comportamiento actual.
¿Cómo puedo dejar de sentirme abrumado?,Divide tus tareas en pasos pequeños establece prioridades y busca apoyo si es necesario.
¿Qué hacer si siento que no tengo energía?,Revisa tus hábitos de sueño alimentación y ejercicio. Si persiste consulta a un profesional.
¿Cómo manejar el miedo al cambio?,Reconoce que el cambio es parte de la vida enfócate en los aspectos positivos y busca apoyo si es necesario.
¿Qué es la terapia humanista?,Es un tipo de terapia que se enfoca en tu potencial y capacidad para crecer y cambiar.
¿Cómo puedo ser más paciente?,Practica técnicas de mindfulness establece expectativas realistas y busca actividades que te ayuden a relajarte.
¿Qué hacer si siento que no tengo control sobre mis emociones?,Busca ayuda profesional para aprender técnicas de regulación emocional.
¿Cómo manejar el miedo a la soledad?,Conéctate con otras personas ya sea en persona o en línea y busca actividades que te hagan sentir parte de una comunidad.
¿Qué es la terapia de pareja?,Es un tipo de terapia que ayuda a las parejas a resolver conflictos y mejorar su relación.
¿Cómo puedo dejar de sentirme inseguro?,Trabaja en tu autoestima enfócate en tus fortalezas y busca apoyo si es necesario.
¿Qué hacer si siento que no tengo apoyo?,Busca grupos de apoyo o comunidades en línea donde puedas conectar con personas que comparten experiencias similares.
¿Cómo manejar el miedo al rechazo?,Reconoce que el rechazo es parte de la vida enfócate en tus fortalezas y busca apoyo si es necesario.
¿Qué es la terapia de juego?,Es un tipo de terapia que utiliza el juego para ayudar a los niños a expresar sus emociones y resolver problemas.
¿Cómo puedo ser más optimista?,Practica la gratitud enfócate en los aspectos positivos de tu vida y busca actividades que te hagan sentir bien.
¿Qué hacer si siento que no tengo control sobre mis pensamientos?,Busca ayuda profesional para aprender técnicas de manejo de pensamientos negativos.
¿Cómo manejar el miedo a la muerte?,Habla con alguien de confianza explora tus creencias espirituales y busca apoyo si es necesario.
¿Qué es la terapia de arte?,Es un tipo de terapia que utiliza el arte como medio para expresar emociones y resolver problemas.
¿Cómo puedo dejar de sentirme enojado?,Practica técnicas de relajación identifica la causa de tu enojo y busca formas saludables de expresarlo.
¿Qué hacer si siento que no tengo control sobre mi ansiedad?,Busca ayuda profesional para aprender técnicas de manejo de la ansiedad.
¿Cómo manejar el miedo a la intimidad?,Habla con alguien de confianza explora tus miedos y busca apoyo si es necesario.
¿Qué es la terapia de realidad virtual?,Es un tipo de terapia que utiliza la realidad virtual para tratar fobias y trastornos de ansiedad.
¿Cómo puedo ser más compasivo conmigo mismo?,Practica la autocompasión reconoce tus esfuerzos y busca apoyo si es necesario.
¿Qué hacer si siento que no tengo control sobre mi depresión?,Busca ayuda profesional para aprender técnicas de manejo de la depresión.
¿Cómo manejar el miedo a la crítica?,Reconoce que la crítica es parte de la vida enfócate en tus fortalezas y busca apoyo si es necesario.
¿Cómo puedo dejar de sentirme solo?,Conéctate con otras personas ya sea en persona o en línea y busca actividades que te hagan sentir parte de una comunidad.
¿Qué hacer si siento que no tengo control sobre mi estrés?,Busca ayuda profesional para aprender técnicas de manejo del estrés.
¿Cómo manejar el miedo a la enfermedad?,Habla con alguien de confianza infórmate sobre tu salud y busca apoyo si es necesario.
¿Qué es la terapia de grupo?,Es un tipo de terapia en la que varias personas comparten sus experiencias y se apoyan mutuamente bajo la guía de un profesional.
¿Qué hacer si siento que no tengo control sobre mi ira?,Busca ayuda profesional para aprender técnicas de manejo de la ira.
¿Cómo manejar el miedo a la oscuridad?,Practica técnicas de relajación crea un ambiente seguro y busca apoyo si es necesario.
¿Cómo puedo dejar de sentirme ansioso?,Practica técnicas de relajación identifica la causa de tu ansiedad y busca apoyo si es necesario.
¿Cómo manejar el miedo a la violencia?,Reconoce que la violencia es parte de la vida enfócate en tus fortalezas y busca apoyo si es necesario.
¿Como puedo mejorar mi autoestima?,Practica la autocompasión establece metas realistas y celebra tus logros por pequeños que sean.
¿Qué es la terapia cognitivo-conductual?,Es un tipo de terapia que se enfoca en identificar y cambiar patrones de pensamiento y comportamiento negativos.
¿Como puedo manejar el estrés?,Puedes probar técnicas de relajación como la respiración profunda el mindfulness o el yoga.
¿Que hacer si me siento triste?,Es importante expresar tus emociones. Habla con alguien de confianza o busca apoyo profesional.
¿Que hacer si tengo ataques de panico?,Intenta respirar profundamente enfócate en el presente y busca un espacio seguro. Si persiste consulta a un profesional.
Hola, ¿como estas? Estoy aqui para ayudarte. ¿En que puedo asistirte hoy?
Muchas gracias, Fue un placer aqui estar aqui para ayudarte.